{"Items":[{"time":4.970657825469971,"topNote":true,"botNote":true},{"time":5.717324256896973,"topNote":true,"botNote":true},{"time":6.463991165161133,"topNote":true,"botNote":false},{"time":6.485328674316406,"topNote":false,"botNote":true},{"time":7.189319610595703,"topNote":true,"botNote":true},{"time":7.914648532867432,"topNote":true,"botNote":false},{"time":7.935986518859863,"topNote":false,"botNote":true},{"time":8.661314964294434,"topNote":true,"botNote":true},{"time":9.365328788757325,"topNote":true,"botNote":true},{"time":10.047982215881348,"topNote":true,"botNote":true},{"time":10.794648170471192,"topNote":false,"botNote":true},{"time":10.794648170471192,"topNote":true,"botNote":false},{"time":11.349319458007813,"topNote":true,"botNote":false},{"time":11.498661994934082,"topNote":false,"botNote":true},{"time":11.711995124816895,"topNote":true,"botNote":false},{"time":12.138662338256836,"topNote":true,"botNote":false},{"time":13.205328941345215,"topNote":false,"botNote":true},{"time":13.653310775756836,"topNote":false,"botNote":true},{"time":19.157323837280275,"topNote":true,"botNote":false},{"time":19.45598602294922,"topNote":true,"botNote":false},{"time":19.754648208618165,"topNote":true,"botNote":false},{"time":20.074647903442384,"topNote":true,"botNote":false},{"time":20.3093204498291,"topNote":false,"botNote":true},{"time":20.43732452392578,"topNote":true,"botNote":false},{"time":20.62932014465332,"topNote":false,"botNote":true},{"time":20.94931983947754,"topNote":false,"botNote":true},{"time":21.22664451599121,"topNote":false,"botNote":true},{"time":21.54664421081543,"topNote":true,"botNote":false},{"time":21.738662719726564,"topNote":false,"botNote":true},{"time":21.909318923950197,"topNote":true,"botNote":false},{"time":22.12265396118164,"topNote":true,"botNote":false},{"time":22.421314239501954,"topNote":true,"botNote":false},{"time":22.655986785888673,"topNote":true,"botNote":false},{"time":22.954648971557618,"topNote":true,"botNote":false},{"time":23.23199462890625,"topNote":false,"botNote":true},{"time":23.381315231323243,"topNote":true,"botNote":false},{"time":23.594648361206056,"topNote":false,"botNote":true},{"time":23.914648056030275,"topNote":false,"botNote":true},{"time":24.170658111572267,"topNote":false,"botNote":true},{"time":24.447982788085939,"topNote":false,"botNote":true},{"time":24.66131591796875,"topNote":true,"botNote":false},{"time":24.810657501220704,"topNote":false,"botNote":true},{"time":25.002653121948243,"topNote":true,"botNote":false},{"time":25.301315307617189,"topNote":true,"botNote":false},{"time":25.557323455810548,"topNote":true,"botNote":false},{"time":25.8773250579834,"topNote":false,"botNote":true},{"time":26.09065818786621,"topNote":true,"botNote":false},{"time":26.28265380859375,"topNote":false,"botNote":true},{"time":26.517324447631837,"topNote":false,"botNote":true},{"time":26.81598663330078,"topNote":false,"botNote":true},{"time":27.07199478149414,"topNote":false,"botNote":true},{"time":27.32798194885254,"topNote":true,"botNote":false},{"time":27.562652587890626,"topNote":false,"botNote":true},{"time":27.818662643432618,"topNote":false,"botNote":true},{"time":28.05331039428711,"topNote":false,"botNote":true},{"time":28.3093204498291,"topNote":false,"botNote":true},{"time":28.56532859802246,"topNote":false,"botNote":true},{"time":28.778661727905275,"topNote":true,"botNote":false},{"time":28.970657348632814,"topNote":false,"botNote":true},{"time":29.141315460205079,"topNote":true,"botNote":false},{"time":29.375986099243165,"topNote":true,"botNote":false},{"time":29.695985794067384,"topNote":true,"botNote":false},{"time":29.973310470581056,"topNote":true,"botNote":false},{"time":30.271995544433595,"topNote":false,"botNote":true},{"time":30.421314239501954,"topNote":true,"botNote":false},{"time":30.6346492767334,"topNote":true,"botNote":false},{"time":30.84798240661621,"topNote":true,"botNote":false},{"time":31.018661499023439,"topNote":true,"botNote":false},{"time":31.23199462890625,"topNote":true,"botNote":false},{"time":31.42399024963379,"topNote":true,"botNote":false},{"time":31.615985870361329,"topNote":true,"botNote":false},{"time":31.935985565185548,"topNote":true,"botNote":false},{"time":32.12798309326172,"topNote":true,"botNote":false},{"time":32.319976806640628,"topNote":false,"botNote":true},{"time":32.490657806396487,"topNote":true,"botNote":false},{"time":32.83199691772461,"topNote":true,"botNote":false},{"time":33.72798156738281,"topNote":true,"botNote":false},{"time":34.111995697021487,"topNote":true,"botNote":false},{"time":34.3253288269043,"topNote":true,"botNote":false},{"time":34.453311920166019,"topNote":true,"botNote":false},{"time":34.85866165161133,"topNote":true,"botNote":false},{"time":35.029319763183597,"topNote":true,"botNote":false},{"time":35.2213134765625,"topNote":true,"botNote":false},{"time":35.41331100463867,"topNote":true,"botNote":false},{"time":35.77598571777344,"topNote":false,"botNote":true},{"time":36.6719970703125,"topNote":true,"botNote":false},{"time":37.03464889526367,"topNote":true,"botNote":false},{"time":37.247982025146487,"topNote":true,"botNote":false},{"time":38.67732238769531,"topNote":false,"botNote":true},{"time":39.03997802734375,"topNote":false,"botNote":true},{"time":39.25331115722656,"topNote":false,"botNote":true},{"time":39.44532775878906,"topNote":false,"botNote":true},{"time":39.61598587036133,"topNote":true,"botNote":false},{"time":39.95732498168945,"topNote":true,"botNote":false},{"time":40.170658111572269,"topNote":true,"botNote":false},{"time":41.087982177734378,"topNote":true,"botNote":false},{"time":41.4293212890625,"topNote":true,"botNote":false},{"time":41.64265441894531,"topNote":true,"botNote":false},{"time":42.4319953918457,"topNote":false,"botNote":true},{"time":42.55997848510742,"topNote":true,"botNote":false},{"time":42.73065948486328,"topNote":true,"botNote":false},{"time":42.92265319824219,"topNote":true,"botNote":false},{"time":43.09331130981445,"topNote":true,"botNote":false},{"time":43.26399230957031,"topNote":true,"botNote":false},{"time":43.60532760620117,"topNote":true,"botNote":false},{"time":43.77598571777344,"topNote":true,"botNote":false},{"time":43.96798324584961,"topNote":false,"botNote":true},{"time":44.1386604309082,"topNote":false,"botNote":true},{"time":44.52265167236328,"topNote":false,"botNote":true},{"time":45.20532989501953,"topNote":false,"botNote":true},{"time":45.3759880065918,"topNote":true,"botNote":false},{"time":45.5679817199707,"topNote":true,"botNote":false},{"time":45.75997543334961,"topNote":true,"botNote":false},{"time":45.97331237792969,"topNote":true,"botNote":false},{"time":46.16532897949219,"topNote":true,"botNote":false},{"time":46.50664520263672,"topNote":true,"botNote":false},{"time":46.69866180419922,"topNote":true,"botNote":false},{"time":46.869319915771487,"topNote":false,"botNote":true},{"time":47.06131362915039,"topNote":false,"botNote":true},{"time":47.402652740478519,"topNote":false,"botNote":true},{"time":48.27732467651367,"topNote":true,"botNote":false},{"time":48.7253303527832,"topNote":true,"botNote":false},{"time":48.8959846496582,"topNote":true,"botNote":false},{"time":50.30398941040039,"topNote":true,"botNote":false},{"time":50.474647521972659,"topNote":true,"botNote":false},{"time":50.73065948486328,"topNote":true,"botNote":false},{"time":50.90131378173828,"topNote":true,"botNote":false},{"time":51.00798034667969,"topNote":false,"botNote":true},{"time":51.17866134643555,"topNote":false,"botNote":true},{"time":51.327980041503909,"topNote":false,"botNote":true},{"time":53.43997573852539,"topNote":false,"botNote":true},{"time":53.4613151550293,"topNote":true,"botNote":false},{"time":53.781314849853519,"topNote":false,"botNote":true},{"time":53.80265426635742,"topNote":true,"botNote":false},{"time":54.16532897949219,"topNote":true,"botNote":false},{"time":54.50664520263672,"topNote":true,"botNote":false},{"time":54.69866180419922,"topNote":true,"botNote":false},{"time":54.869319915771487,"topNote":false,"botNote":true},{"time":55.42399215698242,"topNote":true,"botNote":false},{"time":55.8079833984375,"topNote":true,"botNote":false},{"time":55.978660583496097,"topNote":true,"botNote":false},{"time":56.170658111572269,"topNote":true,"botNote":false},{"time":56.36265182495117,"topNote":true,"botNote":false},{"time":56.7039909362793,"topNote":true,"botNote":false},{"time":57.087982177734378,"topNote":false,"botNote":true},{"time":57.407981872558597,"topNote":true,"botNote":false},{"time":57.57866287231445,"topNote":false,"botNote":true},{"time":57.77065658569336,"topNote":true,"botNote":false},{"time":58.1333122253418,"topNote":true,"botNote":false},{"time":58.36798095703125,"topNote":true,"botNote":false},{"time":58.709320068359378,"topNote":true,"botNote":false},{"time":58.92265319824219,"topNote":true,"botNote":false},{"time":59.07199478149414,"topNote":true,"botNote":false},{"time":59.26399230957031,"topNote":true,"botNote":false},{"time":59.626644134521487,"topNote":true,"botNote":false},{"time":59.98931884765625,"topNote":true,"botNote":false},{"time":60.330657958984378,"topNote":true,"botNote":false},{"time":60.52265167236328,"topNote":false,"botNote":true},{"time":60.69330978393555,"topNote":true,"botNote":false},{"time":61.03464889526367,"topNote":false,"botNote":true},{"time":61.26932144165039,"topNote":false,"botNote":true},{"time":61.67464828491211,"topNote":false,"botNote":true},{"time":61.84532928466797,"topNote":false,"botNote":true},{"time":62.015987396240237,"topNote":false,"botNote":true},{"time":62.22932052612305,"topNote":false,"botNote":true},{"time":62.50664520263672,"topNote":false,"botNote":true},{"time":62.84798049926758,"topNote":true,"botNote":false},{"time":63.25331115722656,"topNote":true,"botNote":false},{"time":63.466644287109378,"topNote":true,"botNote":false},{"time":63.658660888671878,"topNote":true,"botNote":false},{"time":63.999977111816409,"topNote":true,"botNote":false},{"time":64.21331024169922,"topNote":false,"botNote":true},{"time":64.55464935302735,"topNote":false,"botNote":true},{"time":64.74664306640625,"topNote":false,"botNote":true},{"time":65.10932159423828,"topNote":false,"botNote":true},{"time":65.4506607055664,"topNote":false,"botNote":true},{"time":65.81330871582031,"topNote":true,"botNote":false},{"time":66.19732666015625,"topNote":true,"botNote":false},{"time":66.55997467041016,"topNote":true,"botNote":false},{"time":66.73065948486328,"topNote":false,"botNote":true},{"time":66.92265319824219,"topNote":true,"botNote":false},{"time":67.1146469116211,"topNote":false,"botNote":true},{"time":67.47732543945313,"topNote":false,"botNote":true},{"time":67.86131286621094,"topNote":false,"botNote":true},{"time":68.22399139404297,"topNote":false,"botNote":true},{"time":68.52265167236328,"topNote":false,"botNote":true},{"time":68.71464538574219,"topNote":true,"botNote":false},{"time":69.05598449707031,"topNote":true,"botNote":false},{"time":69.46131896972656,"topNote":true,"botNote":false},{"time":69.71732330322266,"topNote":false,"botNote":true},{"time":69.86664581298828,"topNote":true,"botNote":false},{"time":69.9946517944336,"topNote":false,"botNote":true},{"time":70.378662109375,"topNote":false,"botNote":true},{"time":70.54931640625,"topNote":false,"botNote":true},{"time":70.91199493408203,"topNote":false,"botNote":true},{"time":71.27465057373047,"topNote":false,"botNote":true},{"time":71.65866088867188,"topNote":true,"botNote":false},{"time":72.02131652832031,"topNote":true,"botNote":false},{"time":72.36265563964844,"topNote":true,"botNote":false},{"time":72.53330993652344,"topNote":false,"botNote":true},{"time":72.70398712158203,"topNote":true,"botNote":false},{"time":72.89598846435547,"topNote":false,"botNote":true},{"time":73.27997589111328,"topNote":false,"botNote":true},{"time":73.64265441894531,"topNote":false,"botNote":true},{"time":74.00532531738281,"topNote":false,"botNote":true},{"time":74.34664154052735,"topNote":false,"botNote":true},{"time":74.51732635498047,"topNote":true,"botNote":false},{"time":74.68798065185547,"topNote":true,"botNote":false},{"time":74.98664093017578,"topNote":true,"botNote":false},{"time":75.28533172607422,"topNote":true,"botNote":false},{"time":75.47732543945313,"topNote":true,"botNote":false},{"time":75.64797973632813,"topNote":false,"botNote":true},{"time":75.81866455078125,"topNote":true,"botNote":false},{"time":76.20265197753906,"topNote":false,"botNote":true},{"time":76.39464569091797,"topNote":false,"botNote":true},{"time":76.7359848022461,"topNote":false,"botNote":true},{"time":77.07732391357422,"topNote":false,"botNote":true},{"time":77.46131896972656,"topNote":true,"botNote":false},{"time":77.78131866455078,"topNote":true,"botNote":false},{"time":78.1866455078125,"topNote":true,"botNote":false},{"time":78.50664520263672,"topNote":true,"botNote":false},{"time":78.71997833251953,"topNote":true,"botNote":false},{"time":78.91199493408203,"topNote":true,"botNote":false},{"time":79.10398864746094,"topNote":true,"botNote":false},{"time":79.46664428710938,"topNote":true,"botNote":false},{"time":80.38398742675781,"topNote":true,"botNote":false},{"time":80.72532653808594,"topNote":true,"botNote":false},{"time":80.85330963134766,"topNote":true,"botNote":false},{"time":81.04532623291016,"topNote":true,"botNote":false},{"time":81.4293212890625,"topNote":true,"botNote":false},{"time":81.6213150024414,"topNote":true,"botNote":false},{"time":81.85598754882813,"topNote":false,"botNote":true},{"time":82.02664184570313,"topNote":true,"botNote":false},{"time":82.36798095703125,"topNote":true,"botNote":false},{"time":83.26399230957031,"topNote":true,"botNote":false},{"time":83.66931915283203,"topNote":true,"botNote":false},{"time":83.88265228271485,"topNote":true,"botNote":false},{"time":85.20532989501953,"topNote":true,"botNote":false},{"time":85.37598419189453,"topNote":true,"botNote":false},{"time":85.67465209960938,"topNote":true,"botNote":false},{"time":85.84532928466797,"topNote":true,"botNote":false},{"time":86.01598358154297,"topNote":true,"botNote":false},{"time":86.2079849243164,"topNote":false,"botNote":true},{"time":86.5706558227539,"topNote":false,"botNote":true},{"time":86.76264953613281,"topNote":false,"botNote":true},{"time":87.72265625,"topNote":true,"botNote":false},{"time":89.00265502929688,"topNote":true,"botNote":false},{"time":89.17330932617188,"topNote":true,"botNote":false},{"time":89.343994140625,"topNote":true,"botNote":false},{"time":89.5146484375,"topNote":true,"botNote":false},{"time":89.7066421508789,"topNote":true,"botNote":false},{"time":89.87732696533203,"topNote":true,"botNote":false},{"time":90.21865844726563,"topNote":true,"botNote":false},{"time":90.38932037353516,"topNote":true,"botNote":false},{"time":90.58131408691406,"topNote":false,"botNote":true},{"time":90.77330780029297,"topNote":false,"botNote":true},{"time":91.17866516113281,"topNote":false,"botNote":true},{"time":91.92533111572266,"topNote":false,"botNote":true},{"time":92.09598541259766,"topNote":false,"botNote":true},{"time":92.24533081054688,"topNote":false,"botNote":true},{"time":92.43732452392578,"topNote":false,"botNote":true},{"time":92.5866470336914,"topNote":false,"botNote":true},{"time":92.7786636352539,"topNote":false,"botNote":true},{"time":93.18399047851563,"topNote":false,"botNote":true},{"time":93.33331298828125,"topNote":false,"botNote":true},{"time":93.52532958984375,"topNote":true,"botNote":false},{"time":93.71732330322266,"topNote":true,"botNote":false},{"time":94.01598358154297,"topNote":true,"botNote":false},{"time":94.97598266601563,"topNote":false,"botNote":true},{"time":95.31732177734375,"topNote":false,"botNote":true},{"time":95.50932312011719,"topNote":true,"botNote":false},{"time":96.76798248291016,"topNote":true,"botNote":false},{"time":96.98131561279297,"topNote":true,"botNote":false},{"time":97.30131530761719,"topNote":true,"botNote":false},{"time":97.5359878540039,"topNote":false,"botNote":true},{"time":97.72798156738281,"topNote":false,"botNote":true},{"time":97.8986587524414,"topNote":false,"botNote":true},{"time":99.34931945800781,"topNote":true,"botNote":true},{"time":99.66931915283203,"topNote":true,"botNote":false},{"time":99.69065856933594,"topNote":false,"botNote":true},{"time":100.05331420898438,"topNote":true,"botNote":true},{"time":100.41598510742188,"topNote":false,"botNote":true},{"time":100.41598510742188,"topNote":true,"botNote":false},{"time":100.79998016357422,"topNote":true,"botNote":false},{"time":101.14131164550781,"topNote":true,"botNote":false},{"time":101.31199645996094,"topNote":true,"botNote":false},{"time":101.50399017333985,"topNote":false,"botNote":true},{"time":101.84532928466797,"topNote":false,"botNote":true},{"time":102.01598358154297,"topNote":true,"botNote":false},{"time":102.4426498413086,"topNote":true,"botNote":false},{"time":102.63465118408203,"topNote":true,"botNote":false},{"time":102.80532836914063,"topNote":true,"botNote":false},{"time":103.01866149902344,"topNote":true,"botNote":false},{"time":103.29598999023438,"topNote":true,"botNote":false},{"time":103.72265625,"topNote":false,"botNote":true},{"time":104.0639877319336,"topNote":true,"botNote":false},{"time":104.23464965820313,"topNote":false,"botNote":true},{"time":104.40532684326172,"topNote":true,"botNote":false},{"time":104.81066131591797,"topNote":true,"botNote":false},{"time":104.95997619628906,"topNote":true,"botNote":false},{"time":105.36532592773438,"topNote":true,"botNote":false},{"time":105.55732727050781,"topNote":true,"botNote":false},{"time":105.7066421508789,"topNote":true,"botNote":false},{"time":105.91997528076172,"topNote":true,"botNote":false},{"time":106.23997497558594,"topNote":true,"botNote":false},{"time":106.60265350341797,"topNote":false,"botNote":true},{"time":106.96533203125,"topNote":true,"botNote":false},{"time":107.1146469116211,"topNote":false,"botNote":true},{"time":107.43464660644531,"topNote":false,"botNote":true},{"time":107.75464630126953,"topNote":false,"botNote":true},{"time":107.92533111572266,"topNote":false,"botNote":true},{"time":108.24533081054688,"topNote":false,"botNote":true},{"time":108.43732452392578,"topNote":false,"botNote":true},{"time":108.60797882080078,"topNote":false,"botNote":true},{"time":108.8426513671875,"topNote":false,"botNote":true},{"time":109.11997985839844,"topNote":false,"botNote":true},{"time":109.48265075683594,"topNote":true,"botNote":false},{"time":109.86664581298828,"topNote":true,"botNote":false},{"time":110.03732299804688,"topNote":true,"botNote":false},{"time":110.25065612792969,"topNote":false,"botNote":true},{"time":110.61331176757813,"topNote":false,"botNote":true},{"time":110.80532836914063,"topNote":true,"botNote":false},{"time":111.18932342529297,"topNote":true,"botNote":false},{"time":111.35997772216797,"topNote":true,"botNote":false},{"time":111.76532745361328,"topNote":false,"botNote":true},{"time":112.0639877319336,"topNote":false,"botNote":true},{"time":112.42664337158203,"topNote":false,"botNote":true},{"time":112.81066131591797,"topNote":false,"botNote":true},{"time":113.08798217773438,"topNote":false,"botNote":true},{"time":113.343994140625,"topNote":true,"botNote":false},{"time":113.5146484375,"topNote":false,"botNote":true},{"time":113.6853256225586,"topNote":true,"botNote":false},{"time":113.87732696533203,"topNote":false,"botNote":true},{"time":114.17598724365235,"topNote":false,"botNote":true},{"time":114.43199920654297,"topNote":false,"botNote":true},{"time":114.68798065185547,"topNote":true,"botNote":false},{"time":114.92265319824219,"topNote":false,"botNote":true},{"time":115.1146469116211,"topNote":true,"botNote":false},{"time":115.306640625,"topNote":true,"botNote":false},{"time":115.62664031982422,"topNote":true,"botNote":false},{"time":115.88265228271485,"topNote":true,"botNote":false},{"time":116.18131256103516,"topNote":true,"botNote":false},{"time":116.41598510742188,"topNote":false,"botNote":true},{"time":116.5866470336914,"topNote":true,"botNote":false},{"time":116.79998016357422,"topNote":true,"botNote":false},{"time":117.11997985839844,"topNote":true,"botNote":false},{"time":117.39732360839844,"topNote":true,"botNote":false},{"time":117.65331268310547,"topNote":false,"botNote":true},{"time":117.84532928466797,"topNote":true,"botNote":false},{"time":118.12265014648438,"topNote":true,"botNote":false},{"time":118.2933120727539,"topNote":true,"botNote":false},{"time":118.59199523925781,"topNote":true,"botNote":false},{"time":118.80532836914063,"topNote":true,"botNote":false},{"time":119.12532806396485,"topNote":false,"botNote":true},{"time":119.29598999023438,"topNote":true,"botNote":false},{"time":119.53065490722656,"topNote":true,"botNote":false},{"time":119.76532745361328,"topNote":false,"botNote":true},{"time":120.02131652832031,"topNote":false,"botNote":true},{"time":120.2773208618164,"topNote":false,"botNote":true},{"time":120.57598876953125,"topNote":true,"botNote":false},{"time":120.76798248291016,"topNote":false,"botNote":true},{"time":120.98131561279297,"topNote":false,"botNote":true},{"time":121.21598815917969,"topNote":true,"botNote":false},{"time":121.47199249267578,"topNote":true,"botNote":false},{"time":121.7066421508789,"topNote":true,"botNote":false},{"time":122.04798126220703,"topNote":true,"botNote":false},{"time":122.23997497558594,"topNote":false,"botNote":true},{"time":122.45330810546875,"topNote":true,"botNote":false},{"time":122.64533233642578,"topNote":true,"botNote":false},{"time":122.9439926147461,"topNote":true,"botNote":false},{"time":123.1999740600586,"topNote":true,"botNote":false},{"time":123.51997375488281,"topNote":true,"botNote":false},{"time":123.71199798583985,"topNote":true,"botNote":false},{"time":123.92533111572266,"topNote":true,"botNote":false},{"time":124.15998077392578,"topNote":false,"botNote":true},{"time":124.47998046875,"topNote":false,"botNote":true},{"time":124.8426513671875,"topNote":false,"botNote":true},{"time":125.20532989501953,"topNote":false,"botNote":true},{"time":125.52532958984375,"topNote":true,"botNote":false},{"time":125.86664581298828,"topNote":true,"botNote":false},{"time":126.2719955444336,"topNote":true,"botNote":false},{"time":126.63465118408203,"topNote":true,"botNote":false},{"time":126.95465087890625,"topNote":false,"botNote":true},{"time":127.38131713867188,"topNote":false,"botNote":true},{"time":127.76532745361328,"topNote":false,"botNote":true},{"time":128.1279754638672,"topNote":false,"botNote":true},{"time":128.3839874267578,"topNote":true,"botNote":false},{"time":128.83200073242188,"topNote":true,"botNote":false},{"time":129.2159881591797,"topNote":true,"botNote":false},{"time":129.53598022460938,"topNote":true,"botNote":false},{"time":129.91998291015626,"topNote":false,"botNote":true},{"time":130.28265380859376,"topNote":false,"botNote":true},{"time":130.66664123535157,"topNote":false,"botNote":true},{"time":131.02931213378907,"topNote":false,"botNote":true},{"time":131.3706512451172,"topNote":true,"botNote":false},{"time":131.73330688476563,"topNote":true,"botNote":false},{"time":132.0959930419922,"topNote":true,"botNote":false},{"time":132.43731689453126,"topNote":true,"botNote":false},{"time":132.86399841308595,"topNote":false,"botNote":true},{"time":133.205322265625,"topNote":false,"botNote":true},{"time":133.58932495117188,"topNote":false,"botNote":true},{"time":133.9306640625,"topNote":false,"botNote":true},{"time":134.29330444335938,"topNote":true,"botNote":true},{"time":134.6346435546875,"topNote":false,"botNote":true},{"time":134.65599060058595,"topNote":true,"botNote":false},{"time":135.03997802734376,"topNote":true,"botNote":true},{"time":135.38131713867188,"topNote":true,"botNote":true},{"time":135.8079833984375,"topNote":true,"botNote":false},{"time":138.68798828125,"topNote":true,"botNote":false},{"time":139.02931213378907,"topNote":true,"botNote":false},{"time":139.41331481933595,"topNote":true,"botNote":false},{"time":139.60533142089845,"topNote":false,"botNote":true},{"time":139.75465393066407,"topNote":true,"botNote":false},{"time":139.92532348632813,"topNote":false,"botNote":true},{"time":140.0959930419922,"topNote":true,"botNote":false},{"time":140.5226593017578,"topNote":true,"botNote":false},{"time":140.9706573486328,"topNote":true,"botNote":false},{"time":141.33331298828126,"topNote":true,"botNote":false},{"time":141.63198852539063,"topNote":true,"botNote":false},{"time":141.90931701660157,"topNote":true,"botNote":false},{"time":142.29330444335938,"topNote":true,"botNote":false},{"time":142.48533630371095,"topNote":false,"botNote":true},{"time":142.65599060058595,"topNote":true,"botNote":false},{"time":142.89065551757813,"topNote":true,"botNote":false},{"time":143.27464294433595,"topNote":true,"botNote":false},{"time":143.6799774169922,"topNote":true,"botNote":false},{"time":144.1279754638672,"topNote":true,"botNote":false},{"time":144.4693145751953,"topNote":true,"botNote":false},{"time":144.81065368652345,"topNote":true,"botNote":false},{"time":145.2159881591797,"topNote":true,"botNote":false},{"time":145.40797424316407,"topNote":false,"botNote":true},{"time":145.5573272705078,"topNote":true,"botNote":false},{"time":145.77066040039063,"topNote":true,"botNote":false},{"time":146.21865844726563,"topNote":true,"botNote":false},{"time":146.53866577148438,"topNote":true,"botNote":false},{"time":146.87997436523438,"topNote":true,"botNote":false},{"time":147.19998168945313,"topNote":true,"botNote":false},{"time":147.39199829101563,"topNote":true,"botNote":false},{"time":147.75465393066407,"topNote":true,"botNote":false},{"time":148.0959930419922,"topNote":true,"botNote":false},{"time":148.28797912597657,"topNote":false,"botNote":true},{"time":148.43731689453126,"topNote":true,"botNote":false},{"time":148.6719970703125,"topNote":true,"botNote":false},{"time":149.07733154296876,"topNote":true,"botNote":false},{"time":149.48265075683595,"topNote":true,"botNote":false},{"time":149.9306640625,"topNote":true,"botNote":false},{"time":150.35733032226563,"topNote":true,"botNote":false},{"time":150.6773223876953,"topNote":true,"botNote":false},{"time":150.86932373046876,"topNote":true,"botNote":false},{"time":151.03997802734376,"topNote":false,"botNote":true},{"time":151.23199462890626,"topNote":true,"botNote":false},{"time":151.38131713867188,"topNote":true,"botNote":false},{"time":151.5946502685547,"topNote":true,"botNote":false},{"time":151.9359893798828,"topNote":true,"botNote":false},{"time":152.1279754638672,"topNote":true,"botNote":false},{"time":152.34130859375,"topNote":true,"botNote":false},{"time":152.49066162109376,"topNote":false,"botNote":true},{"time":152.68264770507813,"topNote":true,"botNote":false},{"time":152.8533172607422,"topNote":false,"botNote":true},{"time":153.2159881591797,"topNote":true,"botNote":false},{"time":153.62132263183595,"topNote":true,"botNote":false},{"time":153.7919921875,"topNote":true,"botNote":false},{"time":153.962646484375,"topNote":true,"botNote":false},{"time":154.30398559570313,"topNote":true,"botNote":false},{"time":154.49598693847657,"topNote":true,"botNote":false},{"time":154.87997436523438,"topNote":true,"botNote":false},{"time":155.0933074951172,"topNote":true,"botNote":false},{"time":155.24266052246095,"topNote":true,"botNote":false},{"time":155.4346466064453,"topNote":true,"botNote":false},{"time":155.77598571777345,"topNote":true,"botNote":false},{"time":156.15997314453126,"topNote":true,"botNote":false},{"time":156.47998046875,"topNote":true,"botNote":false},{"time":156.6933135986328,"topNote":false,"botNote":true},{"time":156.8426513671875,"topNote":true,"botNote":false},{"time":157.205322265625,"topNote":true,"botNote":false},{"time":157.4186553955078,"topNote":true,"botNote":false},{"time":157.82398986816407,"topNote":true,"botNote":false},{"time":157.99464416503907,"topNote":true,"botNote":false},{"time":158.1653289794922,"topNote":true,"botNote":false},{"time":158.35733032226563,"topNote":true,"botNote":false},{"time":158.6773223876953,"topNote":true,"botNote":false},{"time":159.08265686035157,"topNote":false,"botNote":true},{"time":159.4239959716797,"topNote":false,"botNote":true},{"time":159.5946502685547,"topNote":true,"botNote":false},{"time":159.7653350830078,"topNote":false,"botNote":true},{"time":160.1279754638672,"topNote":false,"botNote":true},{"time":160.31997680664063,"topNote":false,"botNote":true},{"time":160.72532653808595,"topNote":false,"botNote":true},{"time":160.91732788085938,"topNote":false,"botNote":true},{"time":161.2799835205078,"topNote":true,"botNote":false},{"time":161.5999755859375,"topNote":true,"botNote":false},{"time":161.98399353027345,"topNote":true,"botNote":false},{"time":162.36798095703126,"topNote":true,"botNote":false},{"time":162.53866577148438,"topNote":true,"botNote":false},{"time":162.73065185546876,"topNote":false,"botNote":true},{"time":163.02931213378907,"topNote":true,"botNote":false},{"time":163.2639923095703,"topNote":true,"botNote":false},{"time":163.62664794921876,"topNote":true,"botNote":false},{"time":163.81866455078126,"topNote":true,"botNote":false},{"time":163.96798706054688,"topNote":false,"botNote":true},{"time":164.15997314453126,"topNote":true,"botNote":false},{"time":164.5439910888672,"topNote":true,"botNote":false},{"time":164.8853302001953,"topNote":true,"botNote":false},{"time":165.24798583984376,"topNote":true,"botNote":false},{"time":165.43997192382813,"topNote":false,"botNote":true},{"time":165.58932495117188,"topNote":true,"botNote":false},{"time":165.9733123779297,"topNote":true,"botNote":false},{"time":166.1653289794922,"topNote":true,"botNote":false},{"time":166.54931640625,"topNote":true,"botNote":false},{"time":166.719970703125,"topNote":true,"botNote":false},{"time":166.89065551757813,"topNote":true,"botNote":false},{"time":167.08265686035157,"topNote":true,"botNote":false},{"time":167.44532775878907,"topNote":true,"botNote":false},{"time":167.78665161132813,"topNote":true,"botNote":false},{"time":168.19200134277345,"topNote":false,"botNote":true},{"time":168.31997680664063,"topNote":true,"botNote":false},{"time":168.53330993652345,"topNote":false,"botNote":true},{"time":168.87464904785157,"topNote":true,"botNote":false},{"time":169.066650390625,"topNote":true,"botNote":false},{"time":169.45065307617188,"topNote":true,"botNote":false},{"time":169.6426544189453,"topNote":true,"botNote":false},{"time":169.83465576171876,"topNote":true,"botNote":false},{"time":170.0053253173828,"topNote":true,"botNote":false},{"time":170.32533264160157,"topNote":true,"botNote":false},{"time":170.70932006835938,"topNote":true,"botNote":false},{"time":171.0933074951172,"topNote":true,"botNote":false},{"time":171.2853240966797,"topNote":false,"botNote":true},{"time":171.4346466064453,"topNote":true,"botNote":false},{"time":171.7973175048828,"topNote":true,"botNote":false},{"time":171.98931884765626,"topNote":true,"botNote":false},{"time":172.37330627441407,"topNote":true,"botNote":false},{"time":172.56532287597657,"topNote":true,"botNote":false},{"time":172.90664672851563,"topNote":true,"botNote":false},{"time":173.24798583984376,"topNote":true,"botNote":false},{"time":173.65330505371095,"topNote":true,"botNote":false}]}