{"Items":[{"time":1.6853288412094117,"topNote":false,"botNote":true},{"time":2.5386621952056886,"topNote":true,"botNote":false},{"time":3.3066439628601076,"topNote":false,"botNote":true},{"time":3.839977264404297,"topNote":true,"botNote":false},{"time":4.565328598022461,"topNote":true,"botNote":false},{"time":5.375986576080322,"topNote":true,"botNote":false},{"time":5.525328636169434,"topNote":false,"botNote":true},{"time":5.653310775756836,"topNote":true,"botNote":false},{"time":5.781315326690674,"topNote":false,"botNote":true},{"time":5.930657386779785,"topNote":true,"botNote":false},{"time":6.634648323059082,"topNote":true,"botNote":false},{"time":7.551995277404785,"topNote":false,"botNote":true},{"time":9.450657844543457,"topNote":false,"botNote":true},{"time":9.578661918640137,"topNote":false,"botNote":true},{"time":9.685328483581543,"topNote":true,"botNote":false},{"time":9.813310623168946,"topNote":true,"botNote":false},{"time":10.133310317993164,"topNote":true,"botNote":false},{"time":10.346644401550293,"topNote":true,"botNote":false},{"time":10.922653198242188,"topNote":false,"botNote":true},{"time":11.669320106506348,"topNote":true,"botNote":false},{"time":12.245328903198243,"topNote":false,"botNote":true},{"time":13.013310432434082,"topNote":true,"botNote":false},{"time":13.845328330993653,"topNote":true,"botNote":false},{"time":13.973310470581055,"topNote":false,"botNote":true},{"time":14.122653007507325,"topNote":true,"botNote":false},{"time":14.271995544433594,"topNote":false,"botNote":true},{"time":14.399977684020996,"topNote":true,"botNote":false},{"time":15.12532901763916,"topNote":true,"botNote":false},{"time":15.914648056030274,"topNote":false,"botNote":true},{"time":17.535985946655275,"topNote":false,"botNote":true},{"time":17.68532943725586,"topNote":true,"botNote":false},{"time":18.069320678710939,"topNote":false,"botNote":true},{"time":18.175987243652345,"topNote":true,"botNote":false},{"time":19.135986328125,"topNote":false,"botNote":true},{"time":19.370656967163087,"topNote":true,"botNote":false},{"time":19.66931915283203,"topNote":true,"botNote":false},{"time":19.925329208374025,"topNote":true,"botNote":false},{"time":20.202653884887697,"topNote":true,"botNote":false},{"time":20.458662033081056,"topNote":true,"botNote":false},{"time":20.927982330322267,"topNote":true,"botNote":false},{"time":23.082653045654298,"topNote":true,"botNote":false},{"time":23.35997772216797,"topNote":true,"botNote":false},{"time":23.6373233795166,"topNote":true,"botNote":false},{"time":23.893310546875,"topNote":true,"botNote":false},{"time":24.639976501464845,"topNote":true,"botNote":false},{"time":24.938661575317384,"topNote":false,"botNote":true},{"time":25.535985946655275,"topNote":false,"botNote":true},{"time":25.749319076538087,"topNote":true,"botNote":false},{"time":27.32798194885254,"topNote":true,"botNote":false},{"time":27.5839900970459,"topNote":true,"botNote":false},{"time":27.86131477355957,"topNote":true,"botNote":false},{"time":28.138662338256837,"topNote":false,"botNote":true},{"time":28.35199546813965,"topNote":true,"botNote":false},{"time":28.607982635498048,"topNote":false,"botNote":true},{"time":28.863990783691408,"topNote":true,"botNote":false},{"time":29.461315155029298,"topNote":true,"botNote":false},{"time":29.738662719726564,"topNote":true,"botNote":false},{"time":29.994647979736329,"topNote":true,"botNote":false},{"time":31.5519962310791,"topNote":true,"botNote":false},{"time":31.807981491088868,"topNote":true,"botNote":false},{"time":32.0853271484375,"topNote":true,"botNote":false},{"time":32.34131622314453,"topNote":true,"botNote":false},{"time":32.59732437133789,"topNote":true,"botNote":false},{"time":32.853309631347659,"topNote":true,"botNote":false},{"time":33.36532974243164,"topNote":true,"botNote":false},{"time":33.66399002075195,"topNote":false,"botNote":true},{"time":33.89866256713867,"topNote":true,"botNote":false},{"time":34.15464782714844,"topNote":false,"botNote":true},{"time":34.4319953918457,"topNote":true,"botNote":false},{"time":35.541316986083987,"topNote":false,"botNote":true},{"time":36.863990783691409,"topNote":true,"botNote":false},{"time":37.11997604370117,"topNote":false,"botNote":true},{"time":37.333309173583987,"topNote":true,"botNote":false},{"time":37.58932113647461,"topNote":false,"botNote":true},{"time":37.90932083129883,"topNote":false,"botNote":true},{"time":38.1866455078125,"topNote":false,"botNote":true},{"time":38.39997863769531,"topNote":true,"botNote":false},{"time":38.634647369384769,"topNote":false,"botNote":true},{"time":39.21065902709961,"topNote":false,"botNote":true},{"time":40.8106575012207,"topNote":true,"botNote":false},{"time":41.04533004760742,"topNote":false,"botNote":true},{"time":41.258663177490237,"topNote":true,"botNote":false},{"time":41.535987854003909,"topNote":false,"botNote":true},{"time":42.09065628051758,"topNote":false,"botNote":true},{"time":42.389320373535159,"topNote":false,"botNote":true},{"time":42.62398910522461,"topNote":false,"botNote":true},{"time":43.498661041259769,"topNote":true,"botNote":false},{"time":43.58399200439453,"topNote":false,"botNote":true},{"time":43.71199417114258,"topNote":true,"botNote":false},{"time":43.8399772644043,"topNote":false,"botNote":true},{"time":43.9466438293457,"topNote":true,"botNote":false},{"time":44.351993560791019,"topNote":true,"botNote":false},{"time":44.735984802246097,"topNote":true,"botNote":false},{"time":45.4826545715332,"topNote":false,"botNote":true},{"time":45.631996154785159,"topNote":true,"botNote":false},{"time":45.75997543334961,"topNote":false,"botNote":true},{"time":45.88798141479492,"topNote":true,"botNote":false},{"time":46.015987396240237,"topNote":false,"botNote":true},{"time":46.42131423950195,"topNote":false,"botNote":true},{"time":46.76265335083008,"topNote":false,"botNote":true},{"time":47.701316833496097,"topNote":true,"botNote":false},{"time":47.8079833984375,"topNote":false,"botNote":true},{"time":47.914649963378909,"topNote":true,"botNote":false},{"time":48.02131652832031,"topNote":false,"botNote":true},{"time":48.12798309326172,"topNote":true,"botNote":false},{"time":48.66131591796875,"topNote":true,"botNote":false},{"time":48.95997619628906,"topNote":true,"botNote":false},{"time":49.4293212890625,"topNote":true,"botNote":false},{"time":50.02664566040039,"topNote":true,"botNote":false},{"time":50.28265380859375,"topNote":true,"botNote":false},{"time":50.794647216796878,"topNote":true,"botNote":false},{"time":51.64798355102539,"topNote":false,"botNote":true},{"time":52.010658264160159,"topNote":false,"botNote":true},{"time":52.159976959228519,"topNote":true,"botNote":false},{"time":52.26664352416992,"topNote":false,"botNote":true},{"time":52.394649505615237,"topNote":true,"botNote":false},{"time":52.82131576538086,"topNote":true,"botNote":false},{"time":53.183990478515628,"topNote":true,"botNote":false},{"time":53.93065643310547,"topNote":true,"botNote":false},{"time":54.079978942871097,"topNote":false,"botNote":true},{"time":54.20798110961914,"topNote":true,"botNote":false},{"time":54.378662109375,"topNote":false,"botNote":true},{"time":54.4639892578125,"topNote":true,"botNote":false},{"time":55.03997802734375,"topNote":true,"botNote":false},{"time":55.2746467590332,"topNote":true,"botNote":false},{"time":56.06399154663086,"topNote":true,"botNote":false},{"time":56.21331024169922,"topNote":false,"botNote":true},{"time":56.319976806640628,"topNote":true,"botNote":false},{"time":56.46931838989258,"topNote":false,"botNote":true},{"time":56.575984954833987,"topNote":true,"botNote":false},{"time":57.087982177734378,"topNote":true,"botNote":false},{"time":57.36532974243164,"topNote":true,"botNote":false},{"time":57.877323150634769,"topNote":true,"botNote":false},{"time":58.453311920166019,"topNote":true,"botNote":false},{"time":58.73065948486328,"topNote":true,"botNote":false},{"time":59.28532791137695,"topNote":true,"botNote":false},{"time":61.11997604370117,"topNote":true,"botNote":false},{"time":61.35464859008789,"topNote":true,"botNote":false},{"time":61.631996154785159,"topNote":true,"botNote":false},{"time":61.90932083129883,"topNote":true,"botNote":false},{"time":62.1866455078125,"topNote":true,"botNote":false},{"time":63.1893196105957,"topNote":false,"botNote":true},{"time":63.44532775878906,"topNote":false,"botNote":true},{"time":63.76532745361328,"topNote":false,"botNote":true},{"time":65.36532592773438,"topNote":false,"botNote":true},{"time":65.6213150024414,"topNote":false,"botNote":true},{"time":65.85598754882813,"topNote":false,"botNote":true},{"time":66.11199188232422,"topNote":true,"botNote":false},{"time":66.34664154052735,"topNote":false,"botNote":true},{"time":66.66664123535156,"topNote":false,"botNote":true},{"time":67.4133071899414,"topNote":true,"botNote":false},{"time":67.69065856933594,"topNote":true,"botNote":false},{"time":67.96797943115235,"topNote":false,"botNote":true},{"time":68.47998046875,"topNote":true,"botNote":false},{"time":68.7359848022461,"topNote":false,"botNote":true},{"time":69.0346450805664,"topNote":false,"botNote":true},{"time":69.58931732177735,"topNote":false,"botNote":true},{"time":69.82398986816406,"topNote":false,"botNote":true},{"time":70.0799789428711,"topNote":false,"botNote":true},{"time":70.3573226928711,"topNote":true,"botNote":false},{"time":70.5706558227539,"topNote":false,"botNote":true},{"time":70.97598266601563,"topNote":false,"botNote":true},{"time":71.18932342529297,"topNote":true,"botNote":false},{"time":71.65866088867188,"topNote":true,"botNote":false},{"time":71.93598937988281,"topNote":false,"botNote":true},{"time":72.21331024169922,"topNote":false,"botNote":true},{"time":73.77066040039063,"topNote":true,"botNote":false},{"time":74.04798126220703,"topNote":true,"botNote":false},{"time":74.32532501220703,"topNote":true,"botNote":false},{"time":74.58131408691406,"topNote":false,"botNote":true},{"time":74.81598663330078,"topNote":true,"botNote":false},{"time":75.0719985961914,"topNote":false,"botNote":true},{"time":75.90399169921875,"topNote":true,"botNote":false},{"time":76.15998077392578,"topNote":true,"botNote":false},{"time":76.45866394042969,"topNote":true,"botNote":false},{"time":76.9493179321289,"topNote":true,"botNote":false},{"time":77.80265045166016,"topNote":false,"botNote":true},{"time":78.89065551757813,"topNote":true,"botNote":false},{"time":79.29598999023438,"topNote":false,"botNote":true},{"time":79.53065490722656,"topNote":true,"botNote":false},{"time":80.14932250976563,"topNote":true,"botNote":false},{"time":80.40532684326172,"topNote":true,"botNote":false},{"time":80.63997650146485,"topNote":true,"botNote":false},{"time":80.93865966796875,"topNote":true,"botNote":false},{"time":81.4293212890625,"topNote":false,"botNote":true},{"time":83.0293197631836,"topNote":true,"botNote":false},{"time":83.306640625,"topNote":false,"botNote":true},{"time":83.56265258789063,"topNote":true,"botNote":false},{"time":83.79732513427735,"topNote":false,"botNote":true},{"time":84.30931854248047,"topNote":true,"botNote":false},{"time":84.5653305053711,"topNote":false,"botNote":true},{"time":84.8426513671875,"topNote":true,"botNote":false},{"time":85.71732330322266,"topNote":true,"botNote":false},{"time":85.82398986816406,"topNote":false,"botNote":true},{"time":85.95199584960938,"topNote":true,"botNote":false},{"time":86.101318359375,"topNote":false,"botNote":true},{"time":86.22931671142578,"topNote":true,"botNote":false},{"time":86.61331176757813,"topNote":true,"botNote":false},{"time":86.97598266601563,"topNote":true,"botNote":false},{"time":87.8079833984375,"topNote":false,"botNote":true},{"time":87.9146499633789,"topNote":true,"botNote":false},{"time":88.04265594482422,"topNote":false,"botNote":true},{"time":88.170654296875,"topNote":true,"botNote":false},{"time":88.31997680664063,"topNote":false,"botNote":true},{"time":88.74664306640625,"topNote":false,"botNote":true},{"time":89.06664276123047,"topNote":false,"botNote":true},{"time":89.91997528076172,"topNote":false,"botNote":true},{"time":90.04798126220703,"topNote":true,"botNote":false},{"time":90.17598724365235,"topNote":false,"botNote":true},{"time":90.30399322509766,"topNote":true,"botNote":false},{"time":90.43199920654297,"topNote":false,"botNote":true},{"time":90.92265319824219,"topNote":false,"botNote":true},{"time":91.2213134765625,"topNote":false,"botNote":true},{"time":91.73330688476563,"topNote":false,"botNote":true},{"time":92.28797912597656,"topNote":false,"botNote":true},{"time":92.54399108886719,"topNote":true,"botNote":false},{"time":93.05598449707031,"topNote":true,"botNote":false},{"time":94.14398956298828,"topNote":true,"botNote":false},{"time":94.2719955444336,"topNote":false,"botNote":true},{"time":94.39997863769531,"topNote":true,"botNote":false},{"time":94.54931640625,"topNote":false,"botNote":true},{"time":94.6559829711914,"topNote":true,"botNote":false},{"time":95.10398864746094,"topNote":true,"botNote":false},{"time":95.42398834228516,"topNote":true,"botNote":false},{"time":96.10664367675781,"topNote":false,"botNote":true},{"time":96.23464965820313,"topNote":true,"botNote":false},{"time":96.42664337158203,"topNote":false,"botNote":true},{"time":96.57598876953125,"topNote":true,"botNote":false},{"time":96.81066131591797,"topNote":false,"botNote":true},{"time":97.25865936279297,"topNote":false,"botNote":true},{"time":97.55732727050781,"topNote":false,"botNote":true},{"time":98.38932037353516,"topNote":true,"botNote":false},{"time":98.51732635498047,"topNote":false,"botNote":true},{"time":98.64533233642578,"topNote":true,"botNote":false},{"time":98.77330780029297,"topNote":false,"botNote":true},{"time":98.90131378173828,"topNote":true,"botNote":false},{"time":99.37065887451172,"topNote":true,"botNote":false},{"time":99.64797973632813,"topNote":true,"botNote":false},{"time":100.6719970703125,"topNote":true,"botNote":false},{"time":100.97065734863281,"topNote":false,"botNote":true},{"time":101.52532958984375,"topNote":false,"botNote":true},{"time":102.95465087890625,"topNote":true,"botNote":false},{"time":103.08265686035156,"topNote":false,"botNote":true},{"time":103.18932342529297,"topNote":true,"botNote":false},{"time":103.50932312011719,"topNote":true,"botNote":false},{"time":103.9146499633789,"topNote":false,"botNote":true},{"time":104.66131591796875,"topNote":false,"botNote":true},{"time":104.81066131591797,"topNote":true,"botNote":false},{"time":104.93865966796875,"topNote":false,"botNote":true},{"time":105.06664276123047,"topNote":true,"botNote":false},{"time":105.2373275756836,"topNote":false,"botNote":true},{"time":105.6213150024414,"topNote":false,"botNote":true},{"time":106.02664184570313,"topNote":false,"botNote":true},{"time":106.79464721679688,"topNote":false,"botNote":true},{"time":106.92265319824219,"topNote":true,"botNote":false},{"time":107.0506591796875,"topNote":false,"botNote":true},{"time":107.1999740600586,"topNote":true,"botNote":false},{"time":107.306640625,"topNote":false,"botNote":true},{"time":107.81866455078125,"topNote":false,"botNote":true},{"time":108.11732482910156,"topNote":false,"botNote":true},{"time":108.6506576538086,"topNote":false,"botNote":true},{"time":109.20532989501953,"topNote":false,"botNote":true},{"time":109.43997955322266,"topNote":false,"botNote":true},{"time":109.93065643310547,"topNote":false,"botNote":true},{"time":111.03997802734375,"topNote":true,"botNote":false},{"time":111.16798400878906,"topNote":false,"botNote":true},{"time":111.29598999023438,"topNote":true,"botNote":false},{"time":111.42398834228516,"topNote":false,"botNote":true},{"time":111.55199432373047,"topNote":true,"botNote":false},{"time":111.95732116699219,"topNote":true,"botNote":false},{"time":112.31997680664063,"topNote":true,"botNote":false},{"time":113.08798217773438,"topNote":true,"botNote":false},{"time":113.17330932617188,"topNote":false,"botNote":true},{"time":113.343994140625,"topNote":true,"botNote":false},{"time":113.5146484375,"topNote":false,"botNote":true},{"time":113.64265441894531,"topNote":true,"botNote":false},{"time":114.15464782714844,"topNote":true,"botNote":false},{"time":114.41065979003906,"topNote":true,"botNote":false},{"time":115.2213134765625,"topNote":true,"botNote":false},{"time":115.39199829101563,"topNote":false,"botNote":true},{"time":115.49866485595703,"topNote":true,"botNote":false},{"time":115.66931915283203,"topNote":false,"botNote":true},{"time":115.81866455078125,"topNote":true,"botNote":false},{"time":116.26664733886719,"topNote":true,"botNote":false},{"time":116.5653305053711,"topNote":true,"botNote":false},{"time":117.56798553466797,"topNote":true,"botNote":false},{"time":117.88798522949219,"topNote":true,"botNote":false},{"time":118.42131805419922,"topNote":true,"botNote":false},{"time":122.06932067871094,"topNote":true,"botNote":false},{"time":122.49598693847656,"topNote":true,"botNote":false},{"time":122.87997436523438,"topNote":false,"botNote":true},{"time":124.22399139404297,"topNote":false,"botNote":true},{"time":126.2933120727539,"topNote":true,"botNote":false},{"time":126.76264953613281,"topNote":true,"botNote":false},{"time":127.18932342529297,"topNote":false,"botNote":true},{"time":128.89598083496095,"topNote":true,"botNote":false},{"time":129.0453338623047,"topNote":false,"botNote":true},{"time":129.10931396484376,"topNote":true,"botNote":false},{"time":129.4720001220703,"topNote":true,"botNote":false},{"time":129.6426544189453,"topNote":false,"botNote":true},{"time":129.7493133544922,"topNote":true,"botNote":false},{"time":129.89866638183595,"topNote":false,"botNote":true},{"time":129.98399353027345,"topNote":true,"botNote":false},{"time":132.9919891357422,"topNote":true,"botNote":false},{"time":133.11997985839845,"topNote":false,"botNote":true},{"time":133.205322265625,"topNote":true,"botNote":false},{"time":133.35464477539063,"topNote":false,"botNote":true},{"time":133.46131896972657,"topNote":true,"botNote":false},{"time":133.73866271972657,"topNote":true,"botNote":false},{"time":133.86663818359376,"topNote":false,"botNote":true},{"time":133.9733123779297,"topNote":true,"botNote":false},{"time":134.12265014648438,"topNote":false,"botNote":true},{"time":134.2293243408203,"topNote":true,"botNote":false},{"time":137.10931396484376,"topNote":true,"botNote":false},{"time":137.3866424560547,"topNote":true,"botNote":false},{"time":137.6426544189453,"topNote":true,"botNote":false},{"time":137.91998291015626,"topNote":false,"botNote":true},{"time":138.1759796142578,"topNote":true,"botNote":false},{"time":139.2853240966797,"topNote":false,"botNote":true},{"time":139.5199737548828,"topNote":false,"botNote":true},{"time":139.81866455078126,"topNote":false,"botNote":true},{"time":141.35464477539063,"topNote":false,"botNote":true},{"time":141.54664611816407,"topNote":false,"botNote":true},{"time":141.95199584960938,"topNote":true,"botNote":false},{"time":141.9733123779297,"topNote":false,"botNote":true},{"time":142.2293243408203,"topNote":true,"botNote":false},{"time":142.44265747070313,"topNote":false,"botNote":true},{"time":142.6773223876953,"topNote":false,"botNote":true},{"time":143.48797607421876,"topNote":true,"botNote":false},{"time":143.7653350830078,"topNote":true,"botNote":false},{"time":143.99998474121095,"topNote":false,"botNote":true},{"time":144.53330993652345,"topNote":true,"botNote":false},{"time":144.78932189941407,"topNote":false,"botNote":true},{"time":145.02398681640626,"topNote":true,"botNote":false},{"time":145.6426544189453,"topNote":true,"botNote":false},{"time":145.8773193359375,"topNote":true,"botNote":false},{"time":146.11199951171876,"topNote":false,"botNote":true},{"time":146.32533264160157,"topNote":true,"botNote":false},{"time":146.60264587402345,"topNote":false,"botNote":true},{"time":146.87997436523438,"topNote":true,"botNote":false},{"time":147.19998168945313,"topNote":true,"botNote":false},{"time":147.7119903564453,"topNote":false,"botNote":true},{"time":147.96798706054688,"topNote":false,"botNote":true},{"time":148.22398376464845,"topNote":false,"botNote":true},{"time":149.75997924804688,"topNote":true,"botNote":false},{"time":150.05865478515626,"topNote":true,"botNote":false},{"time":150.29330444335938,"topNote":false,"botNote":true},{"time":150.52798461914063,"topNote":true,"botNote":false},{"time":150.8479766845703,"topNote":false,"botNote":true},{"time":151.08265686035157,"topNote":true,"botNote":false},{"time":151.91464233398438,"topNote":true,"botNote":false},{"time":152.19200134277345,"topNote":true,"botNote":false},{"time":152.49066162109376,"topNote":true,"botNote":false},{"time":152.98130798339845,"topNote":true,"botNote":false},{"time":153.91998291015626,"topNote":false,"botNote":true},{"time":155.0506591796875,"topNote":true,"botNote":false},{"time":155.32798767089845,"topNote":false,"botNote":true},{"time":155.583984375,"topNote":true,"botNote":false},{"time":155.86131286621095,"topNote":false,"botNote":true},{"time":156.11732482910157,"topNote":false,"botNote":true},{"time":156.43731689453126,"topNote":false,"botNote":true},{"time":156.65065002441407,"topNote":true,"botNote":false},{"time":156.94932556152345,"topNote":false,"botNote":true},{"time":157.50399780273438,"topNote":false,"botNote":true},{"time":159.08265686035157,"topNote":true,"botNote":false},{"time":159.3386688232422,"topNote":false,"botNote":true},{"time":159.552001953125,"topNote":true,"botNote":false},{"time":159.78665161132813,"topNote":false,"botNote":true},{"time":160.34130859375,"topNote":true,"botNote":false},{"time":160.63998413085938,"topNote":true,"botNote":false},{"time":160.89598083496095,"topNote":true,"botNote":false},{"time":161.6426544189453,"topNote":true,"botNote":false},{"time":161.85598754882813,"topNote":false,"botNote":true},{"time":161.962646484375,"topNote":true,"botNote":false},{"time":162.11199951171876,"topNote":false,"botNote":true},{"time":162.23997497558595,"topNote":true,"botNote":false},{"time":162.64532470703126,"topNote":true,"botNote":false},{"time":163.0079803466797,"topNote":true,"botNote":false},{"time":163.86131286621095,"topNote":false,"botNote":true},{"time":163.94664001464845,"topNote":true,"botNote":false},{"time":164.0959930419922,"topNote":false,"botNote":true},{"time":164.22398376464845,"topNote":true,"botNote":false},{"time":164.3946533203125,"topNote":false,"botNote":true},{"time":164.75732421875,"topNote":false,"botNote":true},{"time":165.09866333007813,"topNote":false,"botNote":true},{"time":165.90931701660157,"topNote":true,"botNote":false},{"time":166.05865478515626,"topNote":false,"botNote":true},{"time":166.1866455078125,"topNote":true,"botNote":false},{"time":166.3146514892578,"topNote":false,"botNote":true},{"time":166.4639892578125,"topNote":true,"botNote":false},{"time":166.95465087890626,"topNote":true,"botNote":false},{"time":167.25331115722657,"topNote":true,"botNote":false},{"time":167.74398803710938,"topNote":true,"botNote":false},{"time":168.31997680664063,"topNote":true,"botNote":false},{"time":168.59732055664063,"topNote":true,"botNote":false},{"time":169.10931396484376,"topNote":true,"botNote":false},{"time":170.19732666015626,"topNote":false,"botNote":true},{"time":170.28265380859376,"topNote":true,"botNote":false},{"time":170.45330810546876,"topNote":false,"botNote":true},{"time":170.5599822998047,"topNote":true,"botNote":false},{"time":170.66664123535157,"topNote":false,"botNote":true},{"time":171.0933074951172,"topNote":false,"botNote":true},{"time":171.47732543945313,"topNote":false,"botNote":true},{"time":172.24533081054688,"topNote":true,"botNote":false},{"time":172.37330627441407,"topNote":false,"botNote":true},{"time":172.5226593017578,"topNote":true,"botNote":false},{"time":172.65065002441407,"topNote":false,"botNote":true},{"time":172.77865600585938,"topNote":true,"botNote":false},{"time":173.29066467285157,"topNote":true,"botNote":false},{"time":173.58932495117188,"topNote":true,"botNote":false},{"time":174.4213104248047,"topNote":false,"botNote":true},{"time":174.5066375732422,"topNote":true,"botNote":false},{"time":174.6346435546875,"topNote":false,"botNote":true},{"time":174.7626495361328,"topNote":true,"botNote":false},{"time":174.89065551757813,"topNote":false,"botNote":true},{"time":175.38131713867188,"topNote":false,"botNote":true},{"time":175.6373291015625,"topNote":false,"botNote":true},{"time":176.76797485351563,"topNote":false,"botNote":true},{"time":176.98130798339845,"topNote":false,"botNote":true},{"time":177.53598022460938,"topNote":false,"botNote":true},{"time":178.66664123535157,"topNote":true,"botNote":false},{"time":178.79464721679688,"topNote":true,"botNote":false},{"time":178.9013214111328,"topNote":false,"botNote":true},{"time":179.0079803466797,"topNote":true,"botNote":false},{"time":179.135986328125,"topNote":false,"botNote":true},{"time":179.5199737548828,"topNote":true,"botNote":false},{"time":179.90399169921876,"topNote":true,"botNote":false},{"time":180.7146453857422,"topNote":false,"botNote":true},{"time":180.7999725341797,"topNote":true,"botNote":false},{"time":180.9706573486328,"topNote":false,"botNote":true},{"time":181.09866333007813,"topNote":true,"botNote":false},{"time":181.2266387939453,"topNote":false,"botNote":true},{"time":181.65330505371095,"topNote":false,"botNote":true},{"time":181.99464416503907,"topNote":false,"botNote":true},{"time":182.82664489746095,"topNote":true,"botNote":false},{"time":182.97598266601563,"topNote":false,"botNote":true},{"time":183.10398864746095,"topNote":true,"botNote":false},{"time":183.23199462890626,"topNote":false,"botNote":true},{"time":183.35997009277345,"topNote":true,"botNote":false},{"time":183.8506622314453,"topNote":true,"botNote":false},{"time":184.1279754638672,"topNote":true,"botNote":false},{"time":185.17330932617188,"topNote":true,"botNote":false},{"time":185.45065307617188,"topNote":true,"botNote":false},{"time":185.98399353027345,"topNote":true,"botNote":false},{"time":187.07199096679688,"topNote":false,"botNote":true},{"time":187.1786651611328,"topNote":true,"botNote":false},{"time":187.306640625,"topNote":false,"botNote":true},{"time":187.4346466064453,"topNote":true,"botNote":false},{"time":187.56265258789063,"topNote":false,"botNote":true},{"time":188.01065063476563,"topNote":false,"botNote":true},{"time":188.35198974609376,"topNote":false,"botNote":true},{"time":189.11997985839845,"topNote":true,"botNote":false},{"time":189.26931762695313,"topNote":false,"botNote":true},{"time":189.37599182128907,"topNote":true,"botNote":false},{"time":189.52532958984376,"topNote":false,"botNote":true},{"time":189.67465209960938,"topNote":true,"botNote":false},{"time":190.1439971923828,"topNote":true,"botNote":false},{"time":190.4639892578125,"topNote":true,"botNote":false},{"time":191.23199462890626,"topNote":false,"botNote":true},{"time":191.35997009277345,"topNote":true,"botNote":false},{"time":191.5093231201172,"topNote":false,"botNote":true},{"time":191.6373291015625,"topNote":true,"botNote":false},{"time":191.78665161132813,"topNote":false,"botNote":true},{"time":192.27732849121095,"topNote":false,"botNote":true},{"time":192.5546417236328,"topNote":false,"botNote":true},{"time":193.6426544189453,"topNote":false,"botNote":true},{"time":193.91998291015626,"topNote":false,"botNote":true},{"time":194.38931274414063,"topNote":false,"botNote":true},{"time":195.7119903564453,"topNote":true,"botNote":false},{"time":195.83998107910157,"topNote":false,"botNote":true},{"time":195.92532348632813,"topNote":true,"botNote":false},{"time":196.47998046875,"topNote":true,"botNote":false},{"time":196.8426513671875,"topNote":true,"botNote":false},{"time":197.61065673828126,"topNote":false,"botNote":true},{"time":197.7173309326172,"topNote":true,"botNote":false},{"time":197.84532165527345,"topNote":false,"botNote":true},{"time":198.0159912109375,"topNote":true,"botNote":false},{"time":198.12265014648438,"topNote":false,"botNote":true},{"time":198.54931640625,"topNote":false,"botNote":true},{"time":198.86932373046876,"topNote":false,"botNote":true},{"time":199.72265625,"topNote":true,"botNote":false},{"time":199.8719940185547,"topNote":false,"botNote":true},{"time":199.97866821289063,"topNote":true,"botNote":false},{"time":200.14932250976563,"topNote":false,"botNote":true},{"time":200.2559814453125,"topNote":true,"botNote":false},{"time":200.74664306640626,"topNote":true,"botNote":false},{"time":201.02398681640626,"topNote":true,"botNote":false},{"time":202.11199951171876,"topNote":false,"botNote":true},{"time":202.28265380859376,"topNote":true,"botNote":false},{"time":202.8373260498047,"topNote":true,"botNote":false},{"time":203.94664001464845,"topNote":true,"botNote":false},{"time":204.0959930419922,"topNote":false,"botNote":true},{"time":204.22398376464845,"topNote":true,"botNote":false},{"time":204.35198974609376,"topNote":false,"botNote":true},{"time":204.50131225585938,"topNote":true,"botNote":false},{"time":204.90664672851563,"topNote":true,"botNote":false},{"time":205.24798583984376,"topNote":true,"botNote":false},{"time":206.05865478515626,"topNote":false,"botNote":true},{"time":206.1866455078125,"topNote":true,"botNote":false},{"time":206.29330444335938,"topNote":false,"botNote":true},{"time":206.4639892578125,"topNote":true,"botNote":false},{"time":206.5919952392578,"topNote":false,"botNote":true},{"time":207.08265686035157,"topNote":false,"botNote":true},{"time":207.31732177734376,"topNote":false,"botNote":true},{"time":208.14932250976563,"topNote":true,"botNote":false},{"time":208.31997680664063,"topNote":false,"botNote":true},{"time":208.42665100097657,"topNote":true,"botNote":false},{"time":208.5546417236328,"topNote":false,"botNote":true},{"time":208.68264770507813,"topNote":true,"botNote":false},{"time":209.17330932617188,"topNote":true,"botNote":false},{"time":209.45065307617188,"topNote":true,"botNote":false},{"time":210.5599822998047,"topNote":false,"botNote":true},{"time":210.81597900390626,"topNote":false,"botNote":true}]}